{
    "accuracy": [
        0.8378378378378378,
        0.7906976744186046,
        0.8918918918918919,
        0.7380952380952381,
        0.7222222222222222
    ],
    "recall": [
        1.0,
        0.8387096774193549,
        0.96,
        0.8666666666666667,
        0.8666666666666667
    ],
    "precision": [
        0.8378378378378378,
        0.8666666666666667,
        0.8888888888888888,
        0.7878787878787878,
        0.8125
    ],
    "f1": [
        0.9117647058823529,
        0.8524590163934426,
        0.9230769230769231,
        0.8253968253968254,
        0.8387096774193549
    ],
    "specificity": [
        0.0,
        0.6666666666666666,
        0.75,
        0.4166666666666667,
        0.0
    ]
}